{"tid":"32907","step_name":"Default Step","screen_name":"Default Step","step_api_url":"","display_as_modal":0,"dismiss_modal":0,"conditional":false,"section":[{"fields":[{"field_class_name":"","possible_value_query":"","field_label":"CEEBIT Weather App","tooltip":"","validation_messages":[],"event_list":[],"is_conditional_value":0,"comment_character_limit":0,"camera_config":{"camera_mode":"","supported_orientation":"","is_retry_enabled":"false","capture_button_display_text":"","retry_button_display_text":"","ok_button_display_text":"","enable_auto_capture":"false","enable_edge_detection":"false","enable_autofocus":"false"},"attachment":["",""],"field_character_limit":0,"has_comment":0,"additional_parameters":[],"conditional_value":[],"custom_settings":{"Provider":"","signature_panel":""},"possible_value_type":"Options","request_api_key":"","seq":0,"response_api_key":"","menu_id":"","unique_id":"heading_label","link_config":[],"placeholder_text":"","is_editable":1,"is_mandatory":0,"mapConfig":{"datasource":"","mapProvider":"","mapMarkerImage":"","zoom":false,"pan":false,"defaultZoom":0,"mapLabelApiKey":"","mapLatitudeApiKey":"","mapLongitudeApiKey":"","mapInfoLabel":""},"mandatory_condition":{"condition":[],"query":""},"editable_condition":{"condition":[],"query":""},"validation_regex":"","api_key":"","possible_values":[],"field_type":"label","possible_value_api":"","display_condition":{"condition":[],"query":""},"field_style":{"bootstrap_class_name":"","custom_class_name":"","field_assets":[]},"field_values":[{"value":"","display_type":"","result_condition":{"display_step":""}}],"is_display":1,"repeatable_block_configuration":{"linked_block_id":"none","add_more_field_id":"none","remove_field_id":"none","add_more_field_label":"","remove_field_label":"","no_of_allowed_blocks":0}}],"additional_parameters":[],"section_id":"0_32907","section_name":"Heading Section","section_style":{"font_color":"","font_name":"","background_image":{"font_color":"","asset_status":""},"background_color":"","bootstrap_class_name":"container text-center h-25 ","custom_class_name":"font-weight-bold h3 text-white align-items-center d-flex h-100 justify-content-center"},"section_class_name":"","conditional_mandatory":[{"condition":[],"query":""}],"conditional_visible":[{"condition":[],"query":""}],"conditional_editable":[{"condition":[],"query":""}],"events":[],"parent_section_id":""},{"fields":[{"field_class_name":"","possible_value_query":"","field_label":"","tooltip":"","validation_messages":[],"event_list":[{"event_id":"city_entered_32908","event_params":[{"condition":[],"query":"","library_id":"","event_handler":"AutoComplete-citySearch","event_config":{"display_step":"InvokeAPI"},"invoke_event_config":{"additional_parameters":[],"callback_config":{}}}],"display_type":"Framework","event_name":"OnKeyup","isDefault":true,"next_event_id":""}],"is_conditional_value":0,"comment_character_limit":0,"camera_config":{"camera_mode":"","supported_orientation":"","is_retry_enabled":"false","capture_button_display_text":"","retry_button_display_text":"","ok_button_display_text":"","enable_auto_capture":"false","enable_edge_detection":"false","enable_autofocus":"false"},"attachment":["",""],"field_character_limit":0,"has_comment":0,"additional_parameters":[{"parameter_type":"externalApiOptionValue","value":"AutoComplete-citySearch##addresses[*].city"}],"conditional_value":[],"custom_settings":{"Provider":"","signature_panel":""},"possible_value_type":"ExternalApi","request_api_key":"AutoComplete-citySearch##query | weatherSearch-City##city","seq":0,"response_api_key":"","menu_id":"","unique_id":"city_textbox","link_config":[],"placeholder_text":"Enter the City Name","is_editable":1,"is_mandatory":0,"mapConfig":{"datasource":"","mapProvider":"","mapMarkerImage":"","zoom":false,"pan":false,"defaultZoom":0,"mapLabelApiKey":"","mapLatitudeApiKey":"","mapLongitudeApiKey":"","mapInfoLabel":""},"mandatory_condition":{"condition":[],"query":""},"editable_condition":{"condition":[],"query":""},"validation_regex":"0","api_key":"","message_code":"","possible_values":[],"field_type":"Autocomplete Textfield","possible_value_api":"","display_condition":{"condition":[],"query":""},"field_style":{"bootstrap_class_name":"col-8","custom_class_name":"","field_assets":[]},"field_values":[{"value":"","display_type":"","result_condition":{"display_step":""}}],"is_display":1,"repeatable_block_configuration":{"linked_block_id":"none","add_more_field_id":"none","remove_field_id":"none","add_more_field_label":"","remove_field_label":"","no_of_allowed_blocks":0}},{"field_class_name":"","possible_value_query":"","field_label":"Check Weather","tooltip":"","validation_messages":[],"event_list":[{"event_id":"check_weather_event_32910","event_params":[{"condition":[],"query":"","library_id":"","event_handler":"weatherSearch-City","event_config":{"display_step":"InvokeAPI"},"invoke_event_config":{"additional_parameters":[],"callback_config":{}}}],"display_type":"Framework","event_name":"OnClick","isDefault":true,"next_event_id":""},{"event_id":"remove_city_32959","event_params":[{"condition":[],"query":"","library_id":"","event_handler":"api_key","event_config":{"display_step":"SessionClearance"},"invoke_event_config":{"additional_parameters":[{"parameter_type":"EraseSessionData","value":"weatherSearch-City|weatherSearch-latLong"}],"callback_config":{}}}],"display_type":"Framework","event_name":"OnClick","isDefault":true,"next_event_id":""}],"is_conditional_value":0,"comment_character_limit":0,"camera_config":{"camera_mode":"","supported_orientation":"","is_retry_enabled":"false","capture_button_display_text":"","retry_button_display_text":"","ok_button_display_text":"","enable_auto_capture":"false","enable_edge_detection":"false","enable_autofocus":"false"},"attachment":["",""],"field_character_limit":0,"has_comment":0,"additional_parameters":[],"conditional_value":[],"custom_settings":{"Provider":"","signature_panel":""},"possible_value_type":"Options","request_api_key":"","seq":1,"response_api_key":"","menu_id":"","unique_id":"get_weather_submit_button","link_config":[],"placeholder_text":"","is_editable":1,"is_mandatory":0,"mapConfig":{"datasource":"","mapProvider":"","mapMarkerImage":"","zoom":false,"pan":false,"defaultZoom":0,"mapLabelApiKey":"","mapLatitudeApiKey":"","mapLongitudeApiKey":"","mapInfoLabel":""},"mandatory_condition":{"condition":[],"query":""},"editable_condition":{"condition":[],"query":""},"validation_regex":"","api_key":"","message_code":"","possible_values":[],"field_type":"Button","possible_value_api":"","display_condition":{"condition":[],"query":""},"field_style":{"bootstrap_class_name":"col-4","custom_class_name":"btn btn-info","field_assets":[]},"field_values":[{"value":"","display_type":"","result_condition":{"display_step":""}}],"is_display":1,"repeatable_block_configuration":{"linked_block_id":"none","add_more_field_id":"none","remove_field_id":"none","add_more_field_label":"","remove_field_label":"","no_of_allowed_blocks":0}},{"field_class_name":"","possible_value_query":"","field_label":"Current Location Weather","tooltip":"","validation_messages":[],"event_list":[{"event_id":"check_weather_event_32910Get_User_Location","event_params":[{"condition":[],"query":"","library_id":"","event_handler":"geolocation","event_config":{"display_step":"GeoLocation"},"invoke_event_config":{"additional_parameters":[],"callback_config":{"OnSuccess":[{"next_event_id":"Check_weather_for_current_location_32914","api_keys":[""],"message_code":"","NavigatetoNextPage":false,"api_response":{"response_values":{},"header_status":""},"additional_parameters":[]}]}}}],"display_type":"Framework","event_name":"OnClick","isDefault":true,"next_event_id":""},{"event_id":"Check_weather_for_current_location_32914","event_params":[{"condition":[],"query":"","library_id":"","event_handler":"weatherSearch-latLong","event_config":{"display_step":"InvokeAPI"},"invoke_event_config":{"additional_parameters":[],"callback_config":{}}}],"display_type":"Framework","event_name":"OnClick","isDefault":false,"next_event_id":""},{"event_id":"remove_city_32959","event_params":[{"condition":[],"query":"","library_id":"","event_handler":"api_key","event_config":{"display_step":"SessionClearance"},"invoke_event_config":{"additional_parameters":[{"parameter_type":"EraseSessionData","value":"weatherSearch-City|weatherSearch-latLong"}],"callback_config":{}}}],"display_type":"Framework","event_name":"OnClick","isDefault":true,"next_event_id":""}],"is_conditional_value":0,"comment_character_limit":0,"camera_config":{"camera_mode":"","supported_orientation":"","is_retry_enabled":"false","capture_button_display_text":"","retry_button_display_text":"","ok_button_display_text":"","enable_auto_capture":"false","enable_edge_detection":"false","enable_autofocus":"false"},"attachment":["",""],"field_character_limit":0,"has_comment":0,"additional_parameters":[],"conditional_value":[],"custom_settings":{"Provider":"","signature_panel":""},"possible_value_type":"Options","request_api_key":"","seq":2,"response_api_key":"","menu_id":"","unique_id":"get_weather_submit_buttonGet_User_Location","link_config":[],"placeholder_text":"","is_editable":1,"is_mandatory":0,"mapConfig":{"datasource":"","mapProvider":"","mapMarkerImage":"","zoom":false,"pan":false,"defaultZoom":0,"mapLabelApiKey":"","mapLatitudeApiKey":"","mapLongitudeApiKey":"","mapInfoLabel":""},"mandatory_condition":{"condition":[],"query":""},"editable_condition":{"condition":[],"query":""},"validation_regex":"","api_key":"","message_code":"","possible_values":[],"field_type":"Button","possible_value_api":"","display_condition":{"condition":[],"query":""},"field_style":{"bootstrap_class_name":"col-12","custom_class_name":"col-6 btn btn-info","field_assets":[]},"field_values":[{"value":"","display_type":"","result_condition":{"display_step":""}}],"is_display":1,"repeatable_block_configuration":{"linked_block_id":"none","add_more_field_id":"none","remove_field_id":"none","add_more_field_label":"","remove_field_label":"","no_of_allowed_blocks":0}},{"field_class_name":"","possible_value_query":"","field_label":"latitude_hidden","tooltip":"","validation_messages":[],"event_list":[],"is_conditional_value":0,"comment_character_limit":0,"camera_config":{"camera_mode":"","supported_orientation":"","is_retry_enabled":"false","capture_button_display_text":"","retry_button_display_text":"","ok_button_display_text":"","enable_auto_capture":"false","enable_edge_detection":"false","enable_autofocus":"false"},"attachment":["",""],"field_character_limit":0,"has_comment":0,"additional_parameters":[],"conditional_value":[],"custom_settings":{"Provider":"","signature_panel":""},"possible_value_type":"Options","request_api_key":"weatherSearch-latLong##lat","seq":2,"response_api_key":"deviceLocation##latitude","menu_id":"","unique_id":"latitude_hidden","link_config":[],"placeholder_text":"","is_editable":2,"is_mandatory":0,"mapConfig":{"datasource":"","mapProvider":"","mapMarkerImage":"","zoom":false,"pan":false,"defaultZoom":0,"mapLabelApiKey":"","mapLatitudeApiKey":"","mapLongitudeApiKey":"","mapInfoLabel":""},"mandatory_condition":{"condition":[],"query":""},"editable_condition":{"condition":[{"id":"cond1","api_key":"TestApplication/get-possible-dates##result","field_values":"US","comparision_operator":"E","choose_one":"apiKey"}],"query":"( cond1 )"},"validation_regex":"","api_key":"","message_code":"","possible_values":[],"field_type":"Textfield","possible_value_api":"","display_condition":{"condition":[],"query":""},"field_style":{"bootstrap_class_name":"d-none","custom_class_name":"","field_assets":[]},"field_values":[{"value":"","display_type":"","result_condition":{"display_step":""}}],"is_display":0,"repeatable_block_configuration":{"linked_block_id":"none","add_more_field_id":"none","remove_field_id":"none","add_more_field_label":"","remove_field_label":"","no_of_allowed_blocks":0}},{"field_class_name":"","possible_value_query":"","field_label":"longitude_hidden","tooltip":"","validation_messages":[],"event_list":[],"is_conditional_value":0,"comment_character_limit":0,"camera_config":{"camera_mode":"","supported_orientation":"","is_retry_enabled":"false","capture_button_display_text":"","retry_button_display_text":"","ok_button_display_text":"","enable_auto_capture":"false","enable_edge_detection":"false","enable_autofocus":"false"},"attachment":["",""],"field_character_limit":0,"has_comment":0,"additional_parameters":[],"conditional_value":[],"custom_settings":{"Provider":"","signature_panel":""},"possible_value_type":"Options","request_api_key":"weatherSearch-latLong##lon","seq":3,"response_api_key":"deviceLocation##longitude","menu_id":"","unique_id":"longitude_hidden","link_config":[],"placeholder_text":"","is_editable":1,"is_mandatory":0,"mapConfig":{"datasource":"","mapProvider":"","mapMarkerImage":"","zoom":false,"pan":false,"defaultZoom":0,"mapLabelApiKey":"","mapLatitudeApiKey":"","mapLongitudeApiKey":"","mapInfoLabel":""},"mandatory_condition":{"condition":[],"query":""},"editable_condition":{"condition":[],"query":""},"validation_regex":"","api_key":"","message_code":"","possible_values":[],"field_type":"Textfield","possible_value_api":"","display_condition":{"condition":[],"query":""},"field_style":{"bootstrap_class_name":"d-none","custom_class_name":"","field_assets":[]},"field_values":[{"value":"","display_type":"","result_condition":{"display_step":""}}],"is_display":0,"repeatable_block_configuration":{"linked_block_id":"none","add_more_field_id":"none","remove_field_id":"none","add_more_field_label":"","remove_field_label":"","no_of_allowed_blocks":0}}],"additional_parameters":[],"section_id":"5_32907","section_name":"section-1","section_style":{"font_color":"","font_name":"","background_image":{"font_color":"","asset_status":""},"background_color":"","bootstrap_class_name":"col-12 d-flex h-25 justify-content-center","custom_class_name":"d-flex h-100 align-items-center"},"section_class_name":"","conditional_mandatory":[{"condition":[],"query":""}],"conditional_visible":[{"condition":[],"query":""}],"conditional_editable":[{"condition":[],"query":""}],"events":[],"parent_section_id":""},{"fields":[{"field_class_name":"","possible_value_query":"","field_label":"((dynamic))<b>City</b> : %weatherSearch-latLong##data[0].city_name% %weatherSearch-City##data[0].city_name% <b>Weather</b> : %weatherSearch-latLong##data[0].weather.description% %weatherSearch-City##data[0].weather.description%, %weatherSearch-latLong##data[0].temp% %weatherSearch-City##data[0].temp% °C <b>Last Updated :</b>%weatherSearch-latLong##data[0].ob_time% %weatherSearch-City##data[0].ob_time%","tooltip":"","validation_messages":[],"event_list":[],"is_conditional_value":0,"comment_character_limit":0,"camera_config":{"camera_mode":"","supported_orientation":"","is_retry_enabled":"false","capture_button_display_text":"","retry_button_display_text":"","ok_button_display_text":"","enable_auto_capture":"false","enable_edge_detection":"false","enable_autofocus":"false"},"attachment":["",""],"field_character_limit":0,"has_comment":0,"additional_parameters":[],"conditional_value":[],"custom_settings":{"Provider":"","signature_panel":""},"possible_value_type":"Options","request_api_key":"","seq":1,"response_api_key":"","menu_id":"","unique_id":"weather_result_data","link_config":[],"placeholder_text":"","is_editable":1,"is_mandatory":0,"mapConfig":{"datasource":"","mapProvider":"","mapMarkerImage":"","zoom":false,"pan":false,"defaultZoom":0,"mapLabelApiKey":"","mapLatitudeApiKey":"","mapLongitudeApiKey":"","mapInfoLabel":""},"mandatory_condition":{"condition":[],"query":""},"editable_condition":{"condition":[],"query":""},"validation_regex":"0","api_key":"","message_code":"","possible_values":[],"field_type":"label","possible_value_api":"","display_condition":{"condition":[{"id":"cond1","block":"Default_Block_Footer","step":"Default Step","field":"","api_key":"weatherSearch-latLong##count","field_values":"1","comparision_operator":"E","choose_one":"apiKey"},{"id":"cond2","block":"Default_Block_Footer","step":"Default Step","field":"","api_key":"weatherSearch-City##count","field_values":"1","comparision_operator":"E","choose_one":"apiKey"}],"query":" ( cond1 OR cond2 ) "},"field_style":{"bootstrap_class_name":"","custom_class_name":"","field_assets":[]},"field_values":[{"value":"","display_type":"","result_condition":{"display_step":""}}],"is_display":2,"repeatable_block_configuration":{"linked_block_id":"none","add_more_field_id":"none","remove_field_id":"none","add_more_field_label":"","remove_field_label":"","no_of_allowed_blocks":0}}],"additional_parameters":[],"section_id":"10_32907","section_name":"Weather_result_section","section_style":{"font_color":"","font_name":"","background_image":{"font_color":"","asset_status":""},"background_color":"","bootstrap_class_name":"container text-center justify-content-center d-flex h-25","custom_class_name":"font-weight-bold text-white"},"section_class_name":"","conditional_mandatory":[{"condition":[],"query":""}],"conditional_visible":[{"condition":[],"query":""}],"conditional_editable":[{"condition":[],"query":""}],"events":[],"parent_section_id":""}],"step_action":{"api_information":"","message_code":"","additional_parameters":[]},"event_list":[],"step_style":{"background_color":"","background_image":{"path":"","asset_status":""},"resolution_unit":"","step_height":"","step_width":"","font_size":"","font_style":"","font_name":"","font_color":"","bootstrap_class_name":"","custom_class_name":"vh-100  bg-secondary","header_footer_styling":{"header_view_description":{"desc":""},"footer_view_description":{"desc":""}}},"template":[],"dependency_condition":{"condition":[],"query":""},"meta_title":"","meta_description":""}