{"block_id":"Default_Block_Footer_32906","block_name":"Footer","block_description":"","block_fields":[{"field_class_name":"","possible_value_query":"","field_label":"Created using CEEBIT","tooltip":"","validation_messages":[],"event_list":[],"is_conditional_value":0,"comment_character_limit":0,"camera_config":{},"attachment":[],"field_character_limit":0,"has_comment":0,"additional_parameters":[],"conditional_value":[],"custom_settings":{"Provider":"","signature_panel":""},"possible_value_type":"","request_api_key":"","seq":0,"response_api_key":"","menu_id":"","unique_id":"default_field_1649157645020","link_config":[],"placeholder_text":"","is_editable":1,"is_mandatory":0,"mapConfig":{"zoom":false,"pan":false,"defaultZoom":0},"mandatory_condition":{"condition":[],"query":""},"editable_condition":{"condition":[],"query":""},"validation_regex":"","api_key":"","message_code":"","possible_values":[],"field_type":"label","possible_value_api":"","display_condition":{"condition":[],"query":""},"field_style":{"font_color":"","font_name":"","border_color":"","label_font_color":"","label_font_name":"","label_font_size":"","label_font_style":"","bootstrap_class_name":"","custom_class_name":"","field_assets":[],"field_height":"","field_width":"","font_size":"","font_style":"","background_color":"","resolution_unit":""},"field_values":[],"is_display":1,"repeatable_block_configuration":{}}],"additional_parameters":[{"parameter_type":"","value":""}],"block_style":{"font_color":"","font_name":"","background_image":{"font_color":"","asset_status":""},"background_color":"","bootstrap_class_name":"","custom_class_name":""},"conditional_mandatory":[{"condition":[],"query":""}],"conditional_visible":[{"condition":[],"query":""}],"conditional_editable":[{"condition":[],"query":""}],"events":[],"custom_class_condition":{"condition":[],"query":""}}