{"block_id":"Default_Block_Header_32905","block_name":"Header","block_description":"","block_fields":[],"additional_parameters":[{"parameter_type":"","value":""}],"block_style":{"font_color":"","font_name":"","background_image":{"font_color":"","asset_status":""},"background_color":"","bootstrap_class_name":"","custom_class_name":""},"conditional_mandatory":[{"condition":[],"query":""}],"conditional_visible":[{"condition":[],"query":""}],"conditional_editable":[{"condition":[],"query":""}],"events":[],"custom_class_condition":{"condition":[],"query":""}}